[{"model": "auth.group", "pk": 1, "fields": {"name": "Cliente", "permissions": []}}, {"model": "auth.user", "pk": 1, "fields": {"password": "pbkdf2_sha256$1000000$bMLcgzQOrmcW4fJC5lHO6I$QLf2MVVvAKuBmScJk8Scqw9qrafFZTZJDC/W3SBGjtM=", "last_login": "2025-12-08T18:51:53.981Z", "is_superuser": false, "username": "ricardo", "first_name": "Cliente", "last_name": "", "email": "cliente@gmail.com", "is_staff": false, "is_active": true, "date_joined": "2025-12-04T12:01:12.725Z", "groups": [1], "user_permissions": []}}, {"model": "auth.user", "pk": 2, "fields": {"password": "pbkdf2_sha256$1000000$FSHTCSvYcSLL7JPsBzS38L$rqNvbuCwAWEaVs9bpTsROx4bLYqQz6GvtiQ2i74N9BY=", "last_login": "2026-03-21T02:16:40.457Z", "is_superuser": true, "username": "admin_master", "first_name": "", "last_name": "", "email": "admin@system.com", "is_staff": true, "is_active": true, "date_joined": "2025-12-04T13:47:44.070Z", "groups": [], "user_permissions": []}}, {"model": "auth.user", "pk": 3, "fields": {"password": "pbkdf2_sha256$1000000$7r7EKWVtTS6LKc5exwEuO6$czrr0h+bxRJ864y2rCy6c6bVkAcLm0t84jQ+yy3V3QQ=", "last_login": "2026-03-13T18:04:47.394Z", "is_superuser": false, "username": "Ricardo Enrique Barros Mora", "first_name": "Ricardo ", "last_name": "", "email": "ricardobarrosmora21@gmail.com", "is_staff": false, "is_active": true, "date_joined": "2026-03-11T20:55:51.452Z", "groups": [1], "user_permissions": []}}, {"model": "configuraciones.cliente", "pk": 1, "fields": {"user": 1, "direccion": "######", "telefono": "######"}}, {"model": "configuraciones.cliente", "pk": 2, "fields": {"user": 3, "direccion": "20 de julio", "telefono": "3117803714"}}, {"model": "configuraciones.categoria", "pk": 1, "fields": {"nombre": "Vestidos"}}, {"model": "configuraciones.categoria", "pk": 2, "fields": {"nombre": "Bolsos"}}, {"model": "configuraciones.categoria", "pk": 3, "fields": {"nombre": "Accesorios"}}, {"model": "configuraciones.prenda", "pk": 1, "fields": {"nombre": "Enterizo negro", "slug": "henterizo-negro", "descripcion": "...........", "precio": "65000.00", "precio_descuento": "55000.00", "stock": 9, "inventario": null, "categoria": 1, "imagen": "productos/enterizo.avif", "codigo_barras": "AJ-000001", "barcode_image": "barcodes/barcode-AJ-000001_TA55Nvb.png", "is_archived": false, "archived_at": null, "created_at": "2026-02-04T15:46:43.522Z", "updated_at": "2026-03-13T14:16:03.220Z"}}, {"model": "configuraciones.prenda", "pk": 2, "fields": {"nombre": "Carteras & Bolsos", "slug": "carteras-bolsos", "descripcion": "para toda ocasión", "precio": "80000.00", "precio_descuento": null, "stock": 16, "inventario": null, "categoria": 2, "imagen": "productos/bolsos.avif", "codigo_barras": "AJ-000002", "barcode_image": "barcodes/barcode-AJ-000002_UEpqqCV.png", "is_archived": false, "archived_at": null, "created_at": "2026-02-04T15:56:33.976Z", "updated_at": "2026-03-21T01:55:59.635Z"}}, {"model": "configuraciones.prenda", "pk": 3, "fields": {"nombre": "Accesorios", "slug": "accesorios", "descripcion": "Collares, Aretes y Manillas", "precio": "20000.00", "precio_descuento": null, "stock": 0, "inventario": null, "categoria": 3, "imagen": "productos/Accesorios.avif", "codigo_barras": "AJ-000003", "barcode_image": "barcodes/barcode-AJ-000003_04ORAiO.png", "is_archived": true, "archived_at": "2026-03-13T14:07:09.892Z", "created_at": "2026-02-04T15:59:04.587Z", "updated_at": "2026-03-13T14:07:09.892Z"}}, {"model": "configuraciones.carritodecompras", "pk": 1, "fields": {"cliente": 1}}, {"model": "configuraciones.carritodecompras", "pk": 2, "fields": {"cliente": 2}}, {"model": "configuraciones.pedido", "pk": 1, "fields": {"fecha": "2026-03-11", "estado": "Completado", "cliente": 2, "departamento": null, "ciudad": null, "direccion_envio": null, "costo_envio": "0.00", "transportadora": null, "guia_rastreo": null}}, {"model": "configuraciones.pedido", "pk": 2, "fields": {"fecha": "2026-03-11", "estado": "Completado", "cliente": 2, "departamento": null, "ciudad": null, "direccion_envio": null, "costo_envio": "0.00", "transportadora": null, "guia_rastreo": null}}, {"model": "configuraciones.pedido", "pk": 3, "fields": {"fecha": "2026-03-11", "estado": "Completado", "cliente": 2, "departamento": null, "ciudad": null, "direccion_envio": null, "costo_envio": "0.00", "transportadora": null, "guia_rastreo": null}}, {"model": "configuraciones.pedido", "pk": 4, "fields": {"fecha": "2026-03-11", "estado": "Enviado", "cliente": 2, "departamento": null, "ciudad": null, "direccion_envio": null, "costo_envio": "0.00", "transportadora": null, "guia_rastreo": null}}, {"model": "configuraciones.pedido", "pk": 5, "fields": {"fecha": "2026-03-13", "estado": "Pagado", "cliente": 2, "departamento": "Bolívar", "ciudad": "cartagena de indias ", "direccion_envio": "sucre", "costo_envio": "15000.00", "transportadora": null, "guia_rastreo": null}}, {"model": "configuraciones.pedido", "pk": 6, "fields": {"fecha": "2026-03-13", "estado": "Pagado", "cliente": 2, "departamento": "Bolívar", "ciudad": "cartagena de indias ", "direccion_envio": "sucre", "costo_envio": "15000.00", "transportadora": null, "guia_rastreo": null}}, {"model": "configuraciones.pedido", "pk": 7, "fields": {"fecha": "2026-03-13", "estado": "Pagado", "cliente": 2, "departamento": "Bolívar", "ciudad": "cartagena de indias ", "direccion_envio": "sucre", "costo_envio": "15000.00", "transportadora": null, "guia_rastreo": null}}, {"model": "configuraciones.pedido", "pk": 8, "fields": {"fecha": "2026-03-13", "estado": "Enviado", "cliente": 2, "departamento": "Bolívar", "ciudad": "cartagena de indias ", "direccion_envio": "sucre", "costo_envio": "15000.00", "transportadora": null, "guia_rastreo": null}}, {"model": "configuraciones.pedido", "pk": 9, "fields": {"fecha": "2026-03-13", "estado": "Pagado", "cliente": 2, "departamento": "Bolívar", "ciudad": "cartagena de indias ", "direccion_envio": "sucre", "costo_envio": "15000.00", "transportadora": null, "guia_rastreo": null}}, {"model": "configuraciones.pedido", "pk": 10, "fields": {"fecha": "2026-03-20", "estado": "Pagado", "cliente": 2, "departamento": "Bolívar", "ciudad": "cartagena", "direccion_envio": "20 de julio", "costo_envio": "15000.00", "transportadora": null, "guia_rastreo": null}}, {"model": "configuraciones.pago", "pk": 1, "fields": {"pedido": 1, "metodo": "PSE", "estado": "Aprobado", "fecha": "2026-03-11"}}, {"model": "configuraciones.pago", "pk": 2, "fields": {"pedido": 2, "metodo": "PSE", "estado": "Aprobado", "fecha": "2026-03-11"}}, {"model": "configuraciones.pago", "pk": 3, "fields": {"pedido": 3, "metodo": "PSE", "estado": "Aprobado", "fecha": "2026-03-11"}}, {"model": "configuraciones.pago", "pk": 4, "fields": {"pedido": 4, "metodo": "PSE", "estado": "Aprobado", "fecha": "2026-03-11"}}, {"model": "configuraciones.pago", "pk": 5, "fields": {"pedido": 5, "metodo": "PSE", "estado": "Aprobado", "fecha": "2026-03-13"}}, {"model": "configuraciones.pago", "pk": 6, "fields": {"pedido": 6, "metodo": "PSE", "estado": "Aprobado", "fecha": "2026-03-13"}}, {"model": "configuraciones.pago", "pk": 7, "fields": {"pedido": 7, "metodo": "PSE", "estado": "Aprobado", "fecha": "2026-03-13"}}, {"model": "configuraciones.pago", "pk": 8, "fields": {"pedido": 8, "metodo": "PSE", "estado": "Aprobado", "fecha": "2026-03-13"}}, {"model": "configuraciones.pago", "pk": 9, "fields": {"pedido": 9, "metodo": "PSE", "estado": "Aprobado", "fecha": "2026-03-13"}}, {"model": "configuraciones.pago", "pk": 10, "fields": {"pedido": 10, "metodo": "PayPal", "estado": "Aprobado", "fecha": "2026-03-20"}}, {"model": "configuraciones.venta", "pk": 1, "fields": {"cliente": 2, "fecha_venta": "2026-03-12T02:06:40.816Z", "subtotal": "0.00", "descuento": "0.00", "total": "70000.00", "cupon": null, "pago": 1}}, {"model": "configuraciones.venta", "pk": 2, "fields": {"cliente": 2, "fecha_venta": "2026-03-12T02:18:03.288Z", "subtotal": "0.00", "descuento": "0.00", "total": "20000.00", "cupon": null, "pago": 2}}, {"model": "configuraciones.venta", "pk": 3, "fields": {"cliente": 2, "fecha_venta": "2026-03-12T03:23:32.506Z", "subtotal": "0.00", "descuento": "0.00", "total": "20000.00", "cupon": null, "pago": 3}}, {"model": "configuraciones.venta", "pk": 4, "fields": {"cliente": 2, "fecha_venta": "2026-03-12T03:30:26.272Z", "subtotal": "0.00", "descuento": "0.00", "total": "20000.00", "cupon": null, "pago": 4}}, {"model": "configuraciones.venta", "pk": 5, "fields": {"cliente": 2, "fecha_venta": "2026-03-13T11:46:44.695Z", "subtotal": "280000.00", "descuento": "0.00", "total": "295000.00", "cupon": null, "pago": 5}}, {"model": "configuraciones.venta", "pk": 6, "fields": {"cliente": 2, "fecha_venta": "2026-03-13T14:07:09.877Z", "subtotal": "180000.00", "descuento": "0.00", "total": "195000.00", "cupon": null, "pago": 6}}, {"model": "configuraciones.venta", "pk": 7, "fields": {"cliente": 2, "fecha_venta": "2026-03-13T14:12:17.487Z", "subtotal": "275000.00", "descuento": "0.00", "total": "290000.00", "cupon": null, "pago": 7}}, {"model": "configuraciones.venta", "pk": 8, "fields": {"cliente": 2, "fecha_venta": "2026-03-13T14:16:03.211Z", "subtotal": "55000.00", "descuento": "0.00", "total": "70000.00", "cupon": null, "pago": 8}}, {"model": "configuraciones.venta", "pk": 9, "fields": {"cliente": 2, "fecha_venta": "2026-03-13T14:21:14.837Z", "subtotal": "80000.00", "descuento": "0.00", "total": "95000.00", "cupon": null, "pago": 9}}, {"model": "configuraciones.venta", "pk": 10, "fields": {"cliente": 2, "fecha_venta": "2026-03-21T01:55:59.593Z", "subtotal": "160000.00", "descuento": "0.00", "total": "175000.00", "cupon": null, "pago": 10}}, {"model": "configuraciones.detalleventa", "pk": 1, "fields": {"venta": 1, "prenda": 1, "variacion": null, "cantidad": 1, "precio_unitario": "70000.00"}}, {"model": "configuraciones.detalleventa", "pk": 2, "fields": {"venta": 2, "prenda": 3, "variacion": null, "cantidad": 1, "precio_unitario": "20000.00"}}, {"model": "configuraciones.detalleventa", "pk": 3, "fields": {"venta": 3, "prenda": 3, "variacion": null, "cantidad": 1, "precio_unitario": "20000.00"}}, {"model": "configuraciones.detalleventa", "pk": 4, "fields": {"venta": 4, "prenda": 3, "variacion": null, "cantidad": 1, "precio_unitario": "20000.00"}}, {"model": "configuraciones.detalleventa", "pk": 5, "fields": {"venta": 5, "prenda": 1, "variacion": null, "cantidad": 4, "precio_unitario": "70000.00"}}, {"model": "configuraciones.detalleventa", "pk": 6, "fields": {"venta": 6, "prenda": 3, "variacion": null, "cantidad": 9, "precio_unitario": "20000.00"}}, {"model": "configuraciones.detalleventa", "pk": 7, "fields": {"venta": 7, "prenda": 1, "variacion": null, "cantidad": 5, "precio_unitario": "55000.00"}}, {"model": "configuraciones.detalleventa", "pk": 8, "fields": {"venta": 8, "prenda": 1, "variacion": null, "cantidad": 1, "precio_unitario": "55000.00"}}, {"model": "configuraciones.detalleventa", "pk": 9, "fields": {"venta": 9, "prenda": 2, "variacion": null, "cantidad": 1, "precio_unitario": "80000.00"}}, {"model": "configuraciones.detalleventa", "pk": 10, "fields": {"venta": 10, "prenda": 2, "variacion": null, "cantidad": 2, "precio_unitario": "80000.00"}}]